id,group_id,partition
SS-0001,G0001,holdout
SS-0002,G0002,dev
SS-0003,G0003,holdout
SS-0004,G0004,dev
SS-0005,G0005,dev
SS-0006,G0006,dev
SS-0007,G0007,dev
SS-0008,G0008,dev
SS-0009,G0009,holdout
SS-0010,G0010,dev
SS-0011,G0011,dev
SS-0012,G0012,dev
SS-0013,G0013,holdout
SS-0014,G0014,holdout
SS-0015,G0015,dev
SS-0016,G0016,dev
SS-0017,G0017,dev
SS-0018,G0018,dev
SS-0019,G0019,dev
SS-0020,G0020,holdout
SS-0021,G0021,dev
SS-0022,G0022,dev
SS-0023,G0023,dev
SS-0024,G0024,dev
SS-0025,G0025,dev
SS-0026,G0026,dev
SS-0027,G0027,dev
SS-0028,G0028,dev
SS-0029,G0029,dev
SS-0030,G0030,dev
SS-0031,G0031,dev
SS-0032,G0032,dev
SS-0033,G0033,holdout
SS-0034,G0034,dev
SS-0035,G0035,dev
SS-0036,G0036,dev
SS-0037,G0037,holdout
SS-0038,G0038,dev
SS-0039,G0039,dev
SS-0040,G0040,dev
SS-0041,G0041,holdout
SS-0042,G0042,dev
SS-0043,G0043,dev
SS-0044,G0044,dev
SS-0045,G0045,dev
SS-0046,G0046,dev
SS-0047,G0047,dev
SS-0048,G0048,dev
SS-0049,G0049,holdout
SS-0050,G0050,dev
SS-0051,G0051,dev
SS-0052,G0052,holdout
SS-0053,G0053,dev
SS-0054,G0054,dev
SS-0055,G0055,holdout
SS-0056,G0056,dev
SS-0057,G0057,dev
SS-0058,G0058,dev
SS-0059,G0059,dev
SS-0060,G0060,dev
SS-0061,G0061,holdout
SS-0062,G0062,dev
SS-0063,G0063,dev
SS-0064,G0064,dev
SS-0065,G0065,holdout
SS-0066,G0066,dev
SS-0067,G0067,holdout
SS-0068,G0068,dev
SS-0069,G0069,dev
SS-0070,G0070,dev
SS-0071,G0071,dev
SS-0072,G0072,dev
SS-0073,G0073,dev
SS-0074,G0074,dev
SS-0075,G0075,holdout
SS-0076,G0076,dev
SS-0077,G0077,dev
SS-0078,G0078,dev
SS-0079,G0079,dev
SS-0080,G0080,dev
SS-0081,G0081,dev
SS-0082,G0082,dev
SS-0083,G0083,dev
SS-0084,G0084,dev
SS-0085,G0085,dev
SS-0086,G0086,dev
SS-0087,G0087,holdout
SS-0088,G0088,dev
SS-0089,G0089,dev
SS-0090,G0090,dev
SS-0091,G0091,dev
SS-0092,G0092,holdout
SS-0093,G0093,holdout
SS-0094,G0094,dev
SS-0095,G0095,holdout
SS-0096,G0096,holdout
SS-0097,G0097,dev
SS-0098,G0098,holdout
SS-0099,G0099,dev
SS-0100,G0100,holdout
SS-0101,G0101,dev
SS-0102,G0102,dev
SS-0103,G0103,dev
SS-0104,G0104,dev
SS-0105,G0105,dev
SS-0106,G0106,holdout
SS-0107,G0107,dev
SS-0108,G0108,dev
SS-0109,G0109,dev
SS-0110,G0110,dev
SS-0111,G0111,dev
SS-0112,G0112,dev
SS-0113,G0113,dev
SS-0114,G0114,holdout
SS-0115,G0115,dev
SS-0116,G0116,holdout
SS-0117,G0117,dev
SS-0118,G0118,dev
SS-0119,G0119,dev
SS-0120,G0120,dev
SS-0121,G0121,dev
SS-0122,G0122,holdout
SS-0123,G0123,dev
SS-0124,G0124,dev
SS-0125,G0125,dev
SS-0126,G0126,dev
SS-0127,G0127,dev
SS-0128,G0128,dev
SS-0129,G0129,dev
SS-0130,G0130,dev
SS-0131,G0131,dev
SS-0132,G0132,dev
SS-0133,G0133,holdout
SS-0134,G0134,dev
SS-0135,G0135,holdout
SS-0136,G0136,dev
SS-0137,G0137,dev
SS-0138,G0138,holdout
SS-0139,G0139,dev
SS-0140,G0140,dev
SS-0141,G0141,dev
SS-0142,G0142,holdout
SS-0143,G0143,dev
SS-0144,G0144,dev
SS-0145,G0145,holdout
SS-0146,G0146,dev
SS-0147,G0147,dev
SS-0148,G0148,dev
SS-0149,G0149,holdout
SS-0150,G0150,dev
SS-0151,G0151,dev
SS-0152,G0152,dev
SS-0153,G0153,dev
SS-0154,G0154,dev
SS-0155,G0155,dev
SS-0156,G0156,dev
SS-0157,G0157,dev
SS-0158,G0158,holdout
SS-0159,G0159,dev
SS-0160,G0160,holdout
SS-0161,G0161,dev
SS-0162,G0162,dev
SS-0163,G0163,dev
SS-0164,G0164,dev
SS-0165,G0165,holdout
SS-0166,G0166,dev
SS-0167,G0167,dev
SS-0168,G0168,dev
SS-0169,G0169,dev
SS-0170,G0170,dev
SS-0171,G0171,dev
SS-0172,G0172,dev
SS-0173,G0173,holdout
SS-0174,G0174,dev
SS-0175,G0175,dev
SS-0176,G0176,dev
SS-0177,G0177,dev
SS-0178,G0178,holdout
SS-0179,G0179,holdout
SS-0180,G0180,dev
SS-0181,G0181,dev
SS-0182,G0182,dev
SS-0183,G0183,dev
SS-0184,G0184,dev
SS-0185,G0185,holdout
SS-0186,G0186,dev
SS-0187,G0187,dev
SS-0188,G0188,dev
SS-0189,G0189,dev
SS-0190,G0190,dev
SS-0191,G0191,dev
SS-0192,G0192,dev
SS-0193,G0193,dev
SS-0194,G0194,dev
SS-0195,G0195,dev
SS-0196,G0196,dev
SS-0197,G0197,dev
SS-0198,G0198,dev
SS-0199,G0199,dev
SS-0200,G0200,dev
SS-0201,G0001,holdout
SS-0202,G0001,holdout
SS-0203,G0002,dev
SS-0204,G0002,dev
SS-0205,G0003,holdout
SS-0206,G0003,holdout
SS-0207,G0004,dev
SS-0208,G0004,dev
SS-0209,G0005,dev
SS-0210,G0005,dev
SS-0211,G0006,dev
SS-0212,G0006,dev
SS-0213,G0007,dev
SS-0214,G0007,dev
SS-0215,G0008,dev
SS-0216,G0008,dev
SS-0217,G0009,holdout
SS-0218,G0009,holdout
SS-0219,G0010,dev
SS-0220,G0010,dev
SS-0221,G0011,dev
SS-0222,G0011,dev
SS-0223,G0012,dev
SS-0224,G0012,dev
SS-0225,G0013,holdout
SS-0226,G0013,holdout
SS-0227,G0014,holdout
SS-0228,G0014,holdout
SS-0229,G0015,dev
SS-0230,G0015,dev
SS-0231,G0016,dev
SS-0232,G0016,dev
SS-0233,G0017,dev
SS-0234,G0017,dev
SS-0235,G0018,dev
SS-0236,G0018,dev
SS-0237,G0019,dev
SS-0238,G0019,dev
SS-0239,G0020,holdout
SS-0240,G0020,holdout
SS-0241,G0021,dev
SS-0242,G0021,dev
SS-0243,G0022,dev
SS-0244,G0022,dev
SS-0245,G0023,dev
SS-0246,G0023,dev
SS-0247,G0024,dev
SS-0248,G0024,dev
SS-0249,G0025,dev
SS-0250,G0025,dev
SS-0251,G0026,dev
SS-0252,G0026,dev
SS-0253,G0027,dev
SS-0254,G0027,dev
SS-0255,G0028,dev
SS-0256,G0028,dev
SS-0257,G0029,dev
SS-0258,G0029,dev
SS-0259,G0030,dev
SS-0260,G0030,dev
SS-0261,G0031,dev
SS-0262,G0031,dev
SS-0263,G0032,dev
SS-0264,G0032,dev
SS-0265,G0033,holdout
SS-0266,G0033,holdout
SS-0267,G0034,dev
SS-0268,G0034,dev
SS-0269,G0035,dev
SS-0270,G0035,dev
SS-0271,G0036,dev
SS-0272,G0036,dev
SS-0273,G0037,holdout
SS-0274,G0037,holdout
SS-0275,G0038,dev
SS-0276,G0038,dev
SS-0277,G0039,dev
SS-0278,G0039,dev
SS-0279,G0040,dev
SS-0280,G0040,dev
SS-0281,G0041,holdout
SS-0282,G0041,holdout
SS-0283,G0042,dev
SS-0284,G0042,dev
SS-0285,G0043,dev
SS-0286,G0043,dev
SS-0287,G0044,dev
SS-0288,G0044,dev
SS-0289,G0045,dev
SS-0290,G0045,dev
SS-0291,G0046,dev
SS-0292,G0046,dev
SS-0293,G0047,dev
SS-0294,G0047,dev
SS-0295,G0048,dev
SS-0296,G0048,dev
SS-0297,G0049,holdout
SS-0298,G0049,holdout
SS-0299,G0050,dev
SS-0300,G0050,dev
SS-0301,G0051,dev
SS-0302,G0051,dev
SS-0303,G0052,holdout
SS-0304,G0052,holdout
SS-0305,G0053,dev
SS-0306,G0053,dev
SS-0307,G0054,dev
SS-0308,G0054,dev
SS-0309,G0055,holdout
SS-0310,G0055,holdout
SS-0311,G0056,dev
SS-0312,G0056,dev
SS-0313,G0057,dev
SS-0314,G0057,dev
SS-0315,G0058,dev
SS-0316,G0058,dev
SS-0317,G0059,dev
SS-0318,G0059,dev
SS-0319,G0060,dev
SS-0320,G0060,dev
SS-0321,G0061,holdout
SS-0322,G0061,holdout
SS-0323,G0062,dev
SS-0324,G0062,dev
SS-0325,G0063,dev
SS-0326,G0063,dev
SS-0327,G0064,dev
SS-0328,G0064,dev
SS-0329,G0065,holdout
SS-0330,G0065,holdout
SS-0331,G0066,dev
SS-0332,G0066,dev
SS-0333,G0067,holdout
SS-0334,G0067,holdout
SS-0335,G0068,dev
SS-0336,G0068,dev
SS-0337,G0069,dev
SS-0338,G0069,dev
SS-0339,G0070,dev
SS-0340,G0070,dev
SS-0341,G0071,dev
SS-0342,G0071,dev
SS-0343,G0072,dev
SS-0344,G0072,dev
SS-0345,G0073,dev
SS-0346,G0073,dev
SS-0347,G0074,dev
SS-0348,G0074,dev
SS-0349,G0075,holdout
SS-0350,G0075,holdout
SS-0351,G0076,dev
SS-0352,G0076,dev
SS-0353,G0077,dev
SS-0354,G0077,dev
SS-0355,G0078,dev
SS-0356,G0078,dev
SS-0357,G0079,dev
SS-0358,G0079,dev
SS-0359,G0080,dev
SS-0360,G0080,dev
SS-0361,G0081,dev
SS-0362,G0081,dev
SS-0363,G0082,dev
SS-0364,G0082,dev
SS-0365,G0083,dev
SS-0366,G0083,dev
SS-0367,G0084,dev
SS-0368,G0084,dev
SS-0369,G0085,dev
SS-0370,G0085,dev
SS-0371,G0086,dev
SS-0372,G0086,dev
SS-0373,G0087,holdout
SS-0374,G0087,holdout
SS-0375,G0088,dev
SS-0376,G0088,dev
SS-0377,G0089,dev
SS-0378,G0089,dev
SS-0379,G0090,dev
SS-0380,G0090,dev
SS-0381,G0091,dev
SS-0382,G0091,dev
SS-0383,G0092,holdout
SS-0384,G0092,holdout
SS-0385,G0093,holdout
SS-0386,G0093,holdout
SS-0387,G0094,dev
SS-0388,G0094,dev
SS-0389,G0095,holdout
SS-0390,G0095,holdout
SS-0391,G0096,holdout
SS-0392,G0096,holdout
SS-0393,G0097,dev
SS-0394,G0097,dev
SS-0395,G0098,holdout
SS-0396,G0098,holdout
SS-0397,G0099,dev
SS-0398,G0099,dev
SS-0399,G0100,holdout
SS-0400,G0100,holdout
SS-0401,G0101,dev
SS-0402,G0101,dev
SS-0403,G0102,dev
SS-0404,G0102,dev
SS-0405,G0103,dev
SS-0406,G0103,dev
SS-0407,G0104,dev
SS-0408,G0104,dev
SS-0409,G0105,dev
SS-0410,G0105,dev
SS-0411,G0106,holdout
SS-0412,G0106,holdout
SS-0413,G0107,dev
SS-0414,G0107,dev
SS-0415,G0108,dev
SS-0416,G0108,dev
SS-0417,G0109,dev
SS-0418,G0109,dev
SS-0419,G0110,dev
SS-0420,G0110,dev
SS-0421,G0111,dev
SS-0422,G0111,dev
SS-0423,G0112,dev
SS-0424,G0112,dev
SS-0425,G0113,dev
SS-0426,G0113,dev
SS-0427,G0114,holdout
SS-0428,G0114,holdout
SS-0429,G0115,dev
SS-0430,G0115,dev
SS-0431,G0116,holdout
SS-0432,G0116,holdout
SS-0433,G0117,dev
SS-0434,G0117,dev
SS-0435,G0118,dev
SS-0436,G0118,dev
SS-0437,G0119,dev
SS-0438,G0119,dev
SS-0439,G0120,dev
SS-0440,G0120,dev
SS-0441,G0121,dev
SS-0442,G0121,dev
SS-0443,G0122,holdout
SS-0444,G0122,holdout
SS-0445,G0123,dev
SS-0446,G0123,dev
SS-0447,G0124,dev
SS-0448,G0124,dev
SS-0449,G0125,dev
SS-0450,G0125,dev
SS-0451,G0126,dev
SS-0452,G0126,dev
SS-0453,G0127,dev
SS-0454,G0127,dev
SS-0455,G0128,dev
SS-0456,G0128,dev
SS-0457,G0129,dev
SS-0458,G0129,dev
SS-0459,G0130,dev
SS-0460,G0130,dev
SS-0461,G0131,dev
SS-0462,G0131,dev
SS-0463,G0132,dev
SS-0464,G0132,dev
SS-0465,G0133,holdout
SS-0466,G0133,holdout
SS-0467,G0134,dev
SS-0468,G0134,dev
SS-0469,G0135,holdout
SS-0470,G0135,holdout
SS-0471,G0136,dev
SS-0472,G0136,dev
SS-0473,G0137,dev
SS-0474,G0137,dev
SS-0475,G0138,holdout
SS-0476,G0138,holdout
SS-0477,G0139,dev
SS-0478,G0139,dev
SS-0479,G0140,dev
SS-0480,G0140,dev
SS-0481,G0141,dev
SS-0482,G0141,dev
SS-0483,G0142,holdout
SS-0484,G0142,holdout
SS-0485,G0143,dev
SS-0486,G0143,dev
SS-0487,G0144,dev
SS-0488,G0144,dev
SS-0489,G0145,holdout
SS-0490,G0145,holdout
SS-0491,G0146,dev
SS-0492,G0146,dev
SS-0493,G0147,dev
SS-0494,G0147,dev
SS-0495,G0148,dev
SS-0496,G0148,dev
SS-0497,G0149,holdout
SS-0498,G0149,holdout
SS-0499,G0150,dev
SS-0500,G0150,dev
SS-0501,G0151,dev
SS-0502,G0151,dev
SS-0503,G0152,dev
SS-0504,G0152,dev
SS-0505,G0153,dev
SS-0506,G0153,dev
SS-0507,G0154,dev
SS-0508,G0154,dev
SS-0509,G0155,dev
SS-0510,G0155,dev
SS-0511,G0156,dev
SS-0512,G0156,dev
SS-0513,G0157,dev
SS-0514,G0157,dev
SS-0515,G0158,holdout
SS-0516,G0158,holdout
SS-0517,G0159,dev
SS-0518,G0159,dev
SS-0519,G0160,holdout
SS-0520,G0160,holdout
SS-0521,G0161,dev
SS-0522,G0161,dev
SS-0523,G0162,dev
SS-0524,G0162,dev
SS-0525,G0163,dev
SS-0526,G0163,dev
SS-0527,G0164,dev
SS-0528,G0164,dev
SS-0529,G0165,holdout
SS-0530,G0165,holdout
SS-0531,G0166,dev
SS-0532,G0166,dev
SS-0533,G0167,dev
SS-0534,G0167,dev
SS-0535,G0168,dev
SS-0536,G0168,dev
SS-0537,G0169,dev
SS-0538,G0169,dev
SS-0539,G0170,dev
SS-0540,G0170,dev
SS-0541,G0171,dev
SS-0542,G0171,dev
SS-0543,G0172,dev
SS-0544,G0172,dev
SS-0545,G0173,holdout
SS-0546,G0173,holdout
SS-0547,G0174,dev
SS-0548,G0174,dev
SS-0549,G0175,dev
SS-0550,G0175,dev
SS-0551,G0176,dev
SS-0552,G0176,dev
SS-0553,G0177,dev
SS-0554,G0177,dev
SS-0555,G0178,holdout
SS-0556,G0178,holdout
SS-0557,G0179,holdout
SS-0558,G0179,holdout
SS-0559,G0180,dev
SS-0560,G0180,dev
SS-0561,G0181,dev
SS-0562,G0181,dev
SS-0563,G0182,dev
SS-0564,G0182,dev
SS-0565,G0183,dev
SS-0566,G0183,dev
SS-0567,G0184,dev
SS-0568,G0184,dev
SS-0569,G0185,holdout
SS-0570,G0185,holdout
SS-0571,G0186,dev
SS-0572,G0186,dev
SS-0573,G0187,dev
SS-0574,G0187,dev
SS-0575,G0188,dev
SS-0576,G0188,dev
SS-0577,G0189,dev
SS-0578,G0189,dev
SS-0579,G0190,dev
SS-0580,G0190,dev
SS-0581,G0191,dev
SS-0582,G0191,dev
SS-0583,G0192,dev
SS-0584,G0192,dev
SS-0585,G0193,dev
SS-0586,G0193,dev
SS-0587,G0194,dev
SS-0588,G0194,dev
SS-0589,G0195,dev
SS-0590,G0195,dev
SS-0591,G0196,dev
SS-0592,G0196,dev
SS-0593,G0197,dev
SS-0594,G0197,dev
SS-0595,G0198,dev
SS-0596,G0198,dev
SS-0597,G0199,dev
SS-0598,G0199,dev
SS-0599,G0200,dev
SS-0600,G0200,dev
